Date,Date1,"Gross Profit %","Gross Profit % Ex D&A",Month,Quarter,Type,Year,"Accounts Payable","Accounts Payable (copy)","Accounts Receivable - Trade","Accounts Receivable - Trade (copy)",Back,"Cash & Cash Equivalents","Cash Coversion Cycle","Cash Ratio",Color,"Color (copy)","Current Ratio","Days Payable excl. PO accounts (Prior 3 Months Annualized)","Days Receivable (Prior 3 Months Annualized)",Donut,"Frac Revenue",Gap,"Gross Profit","Gross Profit (copy)","Gross Profit 1","Gross Profit 1 (copy)","Gross Profit Ex D&A","Gross Profit Ex D&A 1","Info Icon",Inventory,"Inventory (copy)","Inventory Days (Total) (Prior Months Annualized)","Net Working Capital excl. Cash and Current Debt","Net Working Capital excl. Cash and Current Debt (copy)","Number of Records","Operating Cycle","Other Revenue","Profit Margin %","Pump Services Revenue","Quick Assets","Quick Ratio",Revenue,"Revenue (copy)","Total Cost of Sales","Total Cost of Sales 1","Total Cost of Sales Ex D&A","Total Cost of Sales Ex D&A 1","Total Current Assets","Total Current Liabilities","Total Revenue","Total Revenue (copy)","Wireline Revenue","Workover Revenue"
Apr-13,,,,Apr,Q1,,2014,,,,,$0,,,,,,,,,0,"1,25,57,970",,$3.3M,"$3,290,033",,,"36,97,606",,0,,,,,,1,,"1,59,531",25.90%,0,,,,,"-94,27,469",,"-90,19,896",,,,$12.7M,"$12,717,501",0,0
Feb-13,,,,Feb,Q1,,2014,,,,,$0,,,,,,,,,0,"51,48,143",,$1.0M,"$1,038,864",,,"14,46,039",,0,,,,,,1,,"90,288",19.80%,0,,,,,"-41,99,567",,"-37,92,392",,,,$5.2M,"$5,238,431",0,0
Mar-13,,,,Mar,Q1,,2014,,,,,$0,,,,,,,,,0,"88,39,087",,$2.2M,"$2,209,938",,,"26,17,511",,0,,,,,,1,,"87,407",24.80%,0,,,,,"-67,16,556",,"-63,08,983",,,,$8.9M,"$8,926,494",0,0
Apr-15,,$41,$49,Apr,Q1,"Pump Services",2016,,,,,$0,,,,,▲,,,,0,,,,,$0.4M,"3,77,315",,"4,60,532",0,,,,,,1,,,,,,,$0.9M,"$931,013",,"-5,53,698",,"-4,70,481",,,,,,
Feb-15,,$47,$55,Feb,Q1,"Pump Services",2016,,,,,$0,,,,,▲,,,,0,,,,,$0.4M,"3,73,613",,"4,37,891",0,,,,,,1,,,,,,,$0.8M,"$797,375",,"-4,23,763",,"-3,59,484",,,,,,
Mar-15,,$0,$18,Mar,Q1,"Pump Services",2016,,,,,$0,,,,▼,,,,,0,,,,,$0.0M,"-1,829",,"66,349",0,,,,,,1,,,,,,,$0.4M,"$377,949",,"-3,79,778",,"-3,11,601",,,,,,
Apr-15,,$7,$18,Apr,Q1,Wireline,2016,,,,,$0,,,,,▲,,,,0,,,,,$0.1M,"1,08,776",,"2,68,158",0,,,,,,1,,,,,,,$1.5M,"$1,483,988",,"-13,75,212",,"-12,15,831",,,,,,
Feb-15,,$10,$18,Feb,Q1,Wireline,2016,,,,,$0,,,,,▲,,,,0,,,,,$0.2M,"1,67,497",,"3,23,090",0,,,,,,1,,,,,,,$1.8M,"$1,760,806",,"-15,93,309",,"-14,37,716",,,,,,
Mar-15,,$20,$29,Mar,Q1,Wireline,2016,,,,,$0,,,,,▲,,,,0,,,,,$0.3M,"3,40,598",,"5,05,451",0,,,,,,1,,,,,,,$1.7M,"$1,745,535",,"-14,04,937",,"-12,40,084",,,,,,
Apr-15,,$9,$39,Apr,Q1,Workover,2016,,,,,$0,,,,,▲,,,,0,,,,,$0.0M,"39,351",,"1,68,549",0,,,,,,1,,,,,,,$0.4M,"$437,403",,"-3,98,052",,"-2,68,854",,,,,,
Feb-15,,$26,$42,Feb,Q1,Workover,2016,,,,,$0,,,,,▲,,,,0,,,,,$0.2M,"1,68,429",,"2,76,184",0,,,,,,1,,,,,,,$0.7M,"$656,800",,"-4,88,371",,"-3,80,615",,,,,,
Mar-15,,$19,$39,Mar,Q1,Workover,2016,,,,,$0,,,,,▲,,,,0,,,,,$0.1M,"1,25,932",,"2,55,180",0,,,,,,1,,,,,,,$0.6M,"$647,657",,"-5,21,725",,"-3,92,477",,,,,,
Apr-16,,$57,$68,Apr,Q1,"Pump Services",2017,,,,,$0,,,,,▲,,,,0,,,,,$0.3M,"2,65,600",,"3,14,877",0,,,,,,1,,,,,,,$0.5M,"$462,699",,"-1,97,099",,"-1,47,822",,,,,,
Feb-16,,$3,$36,Feb,Q1,"Pump Services",2017,,,,,$0,,,,,▲,,,,0,,,,,$0.0M,"6,519",,"87,628",0,,,,,,1,,,,,,,$0.2M,"$241,686",,"-2,35,167",,"-1,54,058",,,,,,
Mar-16,,$64,$80,Mar,Q1,"Pump Services",2017,,,,,$0,,,,,▲,,,,0,,,,,$0.2M,"2,19,104",,"2,71,920",0,,,,,,1,,,,,,,$0.3M,"$340,365",,"-1,21,261",,"-68,445",,,,,,
Apr-16,,$30,$37,Apr,Q1,Wireline,2017,,,,,$0,,,,,▲,,,,0,,,,,$0.6M,"6,35,885",,"7,72,962",0,,,,,,1,,,,,,,$2.1M,"$2,089,515",,"-14,53,630",,"-13,16,553",,,,,,
Feb-16,,-$114,-$76,Feb,Q1,Wireline,2017,,,,,$0,,,,▼,,,,,0,,,,,($0.4M),"-4,11,758",,"-2,74,793",0,,,,,,1,,,,,,,$0.4M,"$361,829",,"-7,73,587",,"-6,36,622",,,,,,
Mar-16,,-$27,-$7,Mar,Q1,Wireline,2017,,,,,$0,,,,▼,,,,,0,,,,,($0.2M),"-1,85,874",,"-48,797",0,,,,,,1,,,,,,,$0.7M,"$688,110",,"-8,73,984",,"-7,36,907",,,,,,
Apr-16,,$27,$36,Apr,Q1,Workover,2017,,,,,$0,,,,,▲,,,,0,,,,,$0.1M,"1,41,466",,"1,89,004",0,,,,,,1,,,,,,,$0.5M,"$527,468",,"-3,86,002",,"-3,38,464",,,,,,
Feb-16,,$17,$40,Feb,Q1,Workover,2017,,,,,$0,,,,,▲,,,,0,,,,,$0.1M,"94,058",,"2,18,099",0,,,,,,1,,,,,,,$0.5M,"$543,802",,"-4,49,744",,"-3,25,703",,,,,,
Mar-16,,$36,$49,Mar,Q1,Workover,2017,,,,,$0,,,,,▲,,,,0,,,,,$0.1M,"1,31,113",,"1,78,651",0,,,,,,1,,,,,,,$0.4M,"$363,997",,"-2,32,883",,"-1,85,345",,,,,,
Jul-13,,,,Jul,Q2,,2014,,,,,$0,,,,,,,,,0,"2,19,31,220",,$6.9M,"$6,928,486",,,"76,43,923",,0,,,,,,1,,"1,89,465",30.80%,"3,25,596",,,,,"-1,55,34,394",,"-1,48,18,957",,,,$22.5M,"$22,462,881","16,600",0
Jun-13,,,,Jun,Q2,,2014,,,,,$0,,,,,,,,,0,"89,77,164",,$2.2M,"$2,166,804",,,"25,94,796",,0,,,,,,1,,"1,21,824",22.90%,"3,44,412",,,,,"-72,76,596",,"-68,48,604",,,,$9.4M,"$9,443,400",0,0
May-13,,,,May,Q2,,2014,,,,,$0,,,,,,,,,0,"1,23,14,482",,$3.3M,"$3,271,428",,,"36,79,001",,0,,,,,,1,,"65,863",26.40%,0,,,,,"-91,08,917",,"-87,01,344",,,,$12.4M,"$12,380,345",0,0
Jul-15,,60.00,68.00,Jul,Q2,"Pump Services",2016,,,,,$0,,,,,▲,,,,0,,,,,$0.6M,"6,45,958",,"7,29,503",0,,,,,,1,,,,,,,$1.1M,"$1,076,910",,"-4,30,952",,"-3,47,407",,,,,,
Jun-15,,-71.00,-34.00,Jun,Q2,"Pump Services",2016,,,,,$0,,,,▼,,,,,0,,,,,($0.2M),"-1,63,078",,"-79,142",0,,,,,,1,,,,,,,$0.2M,"$230,879",,"-3,93,957",,"-3,10,022",,,,,,
May-15,,36.00,48.00,May,Q2,"Pump Services",2016,,,,,$0,,,,,▲,,,,0,,,,,$0.3M,"2,55,843",,"3,39,778",0,,,,,,1,,,,,,,$0.7M,"$706,005",,"-4,50,162",,"-3,66,227",,,,,,
Jul-15,,1.00,11.00,Jul,Q2,Wireline,2016,,,,,$0,,,,,▲,,,,0,,,,,$0.0M,"17,106",,"1,78,039",0,,,,,,1,,,,,,,$1.7M,"$1,678,084",,"-16,60,979",,"-15,00,045",,,,,,
Jun-15,,-3.00,12.00,Jun,Q2,Wireline,2016,,,,,$0,,,,▼,,,,,0,,,,,$0.0M,"-31,603",,"1,29,331",0,,,,,,1,,,,,,,$1.1M,"$1,118,481",,"-11,50,083",,"-9,89,150",,,,,,
May-15,,-23.00,-5.00,May,Q2,Wireline,2016,,,,,$0,,,,▼,,,,,0,,,,,($0.2M),"-2,07,832",,"-46,898",0,,,,,,1,,,,,,,$0.9M,"$923,564",,"-11,31,396",,"-9,70,462",,,,,,
Jul-15,,15.00,37.00,Jul,Q2,Workover,2016,,,,,$0,,,,,▲,,,,0,,,,,$0.1M,"81,571",,"2,05,612",0,,,,,,1,,,,,,,$0.6M,"$559,595",,"-4,78,024",,"-3,53,983",,,,,,
Jun-15,,28.00,49.00,Jun,Q2,Workover,2016,,,,,$0,,,,,▲,,,,0,,,,,$0.2M,"1,67,436",,"2,91,477",0,,,,,,1,,,,,,,$0.6M,"$592,556",,"-4,25,120",,"-3,01,079",,,,,,
May-15,,24.00,51.00,May,Q2,Workover,2016,,,,,$0,,,,,▲,,,,0,,,,,$0.1M,"1,08,504",,"2,32,544",0,,,,,,1,,,,,,,$0.5M,"$454,154",,"-3,45,650",,"-2,21,610",,,,,,
Jun-16,,-1.00,28.00,Jun,Q2,"Pump Services",2017,,,,,$0,,,,▼,,,,,0,,,,,$0.0M,"-1,499",,"44,214",0,,,,,,1,,,,,,,$0.2M,"$159,235",,"-1,60,734",,"-1,15,021",,,,,,
May-16,,15.00,44.00,May,Q2,"Pump Services",2017,,,,,$0,,,,,▲,,,,0,,,,,$0.0M,"24,826",,"74,103",0,,,,,,1,,,,,,,$0.2M,"$166,746",,"-1,41,921",,"-92,643",,,,,,
Jun-16,,-28.00,-7.00,Jun,Q2,Wireline,2017,,,,,$0,,,,▼,,,,,0,,,,,($0.2M),"-1,84,917",,"-45,408",0,,,,,,1,,,,,,,$0.7M,"$666,937",,"-8,51,854",,"-7,12,345",,,,,,
May-16,,-75.00,-59.00,May,Q2,Wireline,2017,,,,,$0,,,,▼,,,,,0,,,,,($0.6M),"-6,48,034",,"-5,08,525",0,,,,,,1,,,,,,,$0.9M,"$864,991",,"-15,13,025",,"-13,73,516",,,,,,
Jun-16,,33.00,45.00,Jun,Q2,Workover,2017,,,,,$0,,,,,▲,,,,0,,,,,$0.1M,"1,26,573",,"1,74,111",0,,,,,,1,,,,,,,$0.4M,"$386,794",,"-2,60,220",,"-2,12,683",,,,,,
May-16,,35.00,44.00,May,Q2,Workover,2017,,,,,$0,,,,,▲,,,,0,,,,,$0.2M,"1,98,984",,"2,46,522",0,,,,,,1,,,,,,,$0.6M,"$565,934",,"-3,66,950",,"-3,19,412",,,,,,
Oct-14,,30.00,37.00,Oct,Q3,"Pump Services",2015,,,,,$0,,,,,▲,,,,0,,,,,$0.2M,"1,82,398",,"2,21,221",0,,,,,,1,,,,,,,$0.6M,"$602,241",,"-4,19,843",,"-3,81,021",,,,,,
Sep-14,,27.00,36.00,Sep,Q3,"Pump Services",2015,,,,,$0,,,,,▲,,,,0,,,,,$0.1M,"1,19,765",,"1,58,342",0,,,,,,1,,,,,,,$0.4M,"$436,050",,"-3,16,284",,"-2,77,708",,,,,,
Oct-14,,-2.00,4.00,Oct,Q3,Wireline,2015,,,,,$0,,,,▼,,,,,0,,,,,$0.0M,"-37,117",,"60,982",0,,,,,,1,,,,,,,$1.6M,"$1,590,965",,"-16,28,082",,"-15,29,982",,,,,,
Sep-14,,46.00,51.00,Sep,Q3,Wireline,2015,,,,,$0,,,,,▲,,,,0,,,,,$0.9M,"8,76,614",,"9,74,531",0,,,,,,1,,,,,,,$1.9M,"$1,907,030",,"-10,30,416",,"-9,32,498",,,,,,
Oct-14,,7.00,23.00,Oct,Q3,Workover,2015,,,,,$0,,,,,▲,,,,0,,,,,$0.0M,"49,606",,"1,54,677",0,,,,,,1,,,,,,,$0.7M,"$661,533",,"-6,11,927",,"-5,06,856",,,,,,
Sep-14,,33.00,47.00,Sep,Q3,Workover,2015,,,,,$0,,,,,▲,,,,0,,,,,$0.2M,"2,29,308",,"3,29,042",0,,,,,,1,,,,,,,$0.7M,"$700,947",,"-4,71,639",,"-3,71,905",,,,,,
Aug-15,,28.00,47.00,Aug,Q3,"Pump Services",2016,,,,,$0,,,,,▲,,,,0,,,,,$0.1M,"1,26,278",,"2,09,823",0,,,,,,1,,,,,,,$0.4M,"$446,793",,"-3,20,515",,"-2,36,969",,,,,,
Oct-15,,-205.00,-109.00,Oct,Q3,"Pump Services",2016,,,,,$0,,,,▼,,,,,0,,,,,($0.2M),"-1,74,301",,"-93,191",0,,,,,,1,,,,,,,$0.1M,"$85,226",,"-2,59,527",,"-1,78,417",,,,,,
Sep-15,,-244.00,-143.00,Sep,Q3,"Pump Services",2016,,,,,$0,,,,▼,,,,,0,,,,,($0.2M),"-2,00,830",,"-1,17,284",0,,,,,,1,,,,,,,$0.1M,"$82,283",,"-2,83,113",,"-1,99,568",,,,,,
Aug-15,,-57.00,-27.00,Aug,Q3,Wireline,2016,,,,,$0,,,,▼,,,,,0,,,,,($0.3M),"-3,30,973",,"-1,57,293",0,,,,,,1,,,,,,,$0.6M,"$579,820",,"-9,10,793",,"-7,37,113",,,,,,
Oct-15,,719.00,616.00,Oct,Q3,Wireline,2016,,,,,$0,,,,▼,,,,,0,,,,,($1.2M),"-12,20,734",,"-10,46,584",0,,,,,,1,,,,,,,($0.2M),"-$169,771",,"-10,50,963",,"-8,76,812",,,,,,
Sep-15,,-152,-111,Sep,Q3,Wireline,2016,,,,,$0,,,,▼,,,,,0,,,,,($0.6M),"-6,48,053",,"-4,74,299",0,,,,,,1,,,,,,,$0.4M,"$427,624",,"-10,75,677",,"-9,01,923",,,,,,
Aug-15,,29,48,Aug,Q3,Workover,2016,,,,,$0,,,,,▲,,,,0,,,,,$0.2M,"1,81,732",,"3,05,773",0,,,,,,1,,,,,,,$0.6M,"$634,488",,"-4,52,756",,"-3,28,715",,,,,,
Oct-15,,33,54,Oct,Q3,Workover,2016,,,,,$0,,,,,▲,,,,0,,,,,$0.2M,"1,93,410",,"3,17,450",0,,,,,,1,,,,,,,$0.6M,"$593,089",,"-3,99,679",,"-2,75,638",,,,,,
Sep-15,,33,52,Sep,Q3,Workover,2016,,,,,$0,,,,,▲,,,,0,,,,,$0.2M,"2,13,807",,"3,37,848",0,,,,,,1,,,,,,,$0.6M,"$645,722",,"-4,31,915",,"-3,07,874",,,,,,
Dec-14,,58,64,Dec,Q4,"Pump Services",2015,,,,,$0,,,,,▲,,,,0,,,,,$0.6M,"5,85,588",,"6,46,381",0,,,,,,1,,,,,,,$1.0M,"$1,017,097",,"-4,31,508",,"-3,70,716",,,,,,
Jan-15,,30,33,Jan,Q4,"Pump Services",2015,,,,,$0,,,,,▲,,,,0,,,,,$0.2M,"2,43,965",,"2,69,976",0,,,,,,1,,,,,,,$0.8M,"$825,053",,"-5,81,089",,"-5,55,077",,,,,,
Nov-14,,64,68,Nov,Q4,"Pump Services",2015,,,,,$0,,,,,▲,,,,0,,,,,$0.6M,"6,07,707",,"6,46,530",0,,,,,,1,,,,,,,$1.0M,"$954,291",,"-3,46,584",,"-3,07,761",,,,,,
Dec-14,,5,12,Dec,Q4,Wireline,2015,,,,,$0,,,,,▲,,,,0,,,,,$0.1M,"87,441",,"2,00,513",0,,,,,,1,,,,,,,$1.7M,"$1,665,259",,"-15,77,817",,"-14,64,746",,,,,,
Jan-15,,-38,-8,Jan,Q4,Wireline,2015,,,,,$0,,,,▼,,,,,0,,,,,($0.4M),"-3,88,175",,"-86,229",0,,,,,,1,,,,,,,$1.0M,"$1,026,064",,"-14,14,239",,"-11,12,293",,,,,,
Nov-14,,10,16,Nov,Q4,Wireline,2015,,,,,$0,,,,,▲,,,,0,,,,,$0.2M,"1,84,102",,"2,82,193",0,,,,,,1,,,,,,,$1.8M,"$1,808,523",,"-16,24,421",,"-15,26,330",,,,,,
Dec-14,,0,19,Dec,Q4,Workover,2015,,,,,$0,,,,▼,,,,,0,,,,,$0.0M,"-1,321",,"1,12,930",0,,,,,,1,,,,,,,$0.6M,"$581,038",,"-5,82,359",,"-4,68,108",,,,,,
Jan-15,,24,42,Jan,Q4,Workover,2015,,,,,$0,,,,,▲,,,,0,,,,,$0.1M,"1,38,883",,"2,46,072",0,,,,,,1,,,,,,,$0.6M,"$584,128",,"-4,45,245",,"-3,38,056",,,,,,
Nov-14,,39,58,Nov,Q4,Workover,2015,,,,,$0,,,,,▲,,,,0,,,,,$0.2M,"2,14,280",,"3,21,518",0,,,,,,1,,,,,,,$0.6M,"$550,385",,"-3,36,106",,"-2,28,867",,,,,,
Dec-15,,12,32,Dec,Q4,"Pump Services",2016,,,,,$0,,,,,▲,,,,0,,,,,$0.0M,"48,193",,"1,29,302",0,,,,,,1,,,,,,,$0.4M,"$399,193",,"-3,51,001",,"-2,69,891",,,,,,
Jan-16,,-275,-166,Jan,Q4,"Pump Services",2016,,,,,$0,,,,▼,,,,,0,,,,,($0.2M),"-2,04,379",,"-1,23,269",0,,,,,,1,,,,,,,$0.1M,"$74,251",,"-2,78,630",,"-1,97,520",,,,,,
Nov-15,,48,62,Nov,Q4,"Pump Services",2016,,,,,$0,,,,,▲,,,,0,,,,,$0.3M,"2,71,103",,"3,52,212",0,,,,,,1,,,,,,,$0.6M,"$566,138",,"-2,95,035",,"-2,13,925",,,,,,
Dec-15,,-28,-10,Dec,Q4,Wireline,2016,,,,,$0,,,,▼,,,,,0,,,,,($0.3M),"-2,78,021",,"-1,02,993",0,,,,,,1,,,,,,,$1.0M,"$996,513",,"-12,74,533",,"-10,99,505",,,,,,
Jan-16,,-61,-40,Jan,Q4,Wireline,2016,,,,,$0,,,,▼,,,,,0,,,,,($0.5M),"-5,18,061",,"-3,42,813",0,,,,,,1,,,,,,,$0.9M,"$854,812",,"-13,72,873",,"-11,97,624",,,,,,
Nov-15,,3,20,Nov,Q4,Wireline,2016,,,,,$0,,,,,▲,,,,0,,,,,$0.0M,"30,855",,"2,05,524",0,,,,,,1,,,,,,,$1.0M,"$1,029,478",,"-9,98,623",,"-8,23,954",,,,,,
Dec-15,,30,50,Dec,Q4,Workover,2016,,,,,$0,,,,,▲,,,,0,,,,,$0.2M,"1,77,524",,"3,01,564",0,,,,,,1,,,,,,,$0.6M,"$601,147",,"-4,23,623",,"-2,99,582",,,,,,
Jan-16,,12,39,Jan,Q4,Workover,2016,,,,,$0,,,,,▲,,,,0,,,,,$0.1M,"58,073",,"1,82,114",0,,,,,,1,,,,,,,$0.5M,"$468,242",,"-4,10,169",,"-2,86,128",,,,,,
Nov-15,,10,39,Nov,Q4,Workover,2016,,,,,$0,,,,,▲,,,,0,,,,,$0.0M,"41,369",,"1,65,410",0,,,,,,1,,,,,,,$0.4M,"$428,700",,"-3,87,330",,"-2,63,290",,,,,,
Jan-14,14-01-2016,,,Jan,Q4,,2014,"2,17,61,387","2,17,61,387","4,92,50,513","4,92,50,513",$0,"40,74,863",36.3,0.1,,,1.35,42.4,78.5,0,"1,79,04,868",-36.1,$4.7M,"$4,686,137",,,"55,29,091",,0,"99,979","99,979",0.2,$18.9M,"$18,900,748",1,78.7,"1,70,222",23.80%,"6,85,087","5,48,35,437",1.34,,,"-1,50,35,957",,"-1,41,93,004",,"5,49,35,416","4,08,10,759",$19.7M,"$19,722,094","6,08,497","3,53,420"
Jan-15,15-01-2016,2,10,Jan,Q4,Frac,2015,"4,15,76,033","4,15,76,033","7,29,99,555","7,29,99,555",$0,"38,22,397",24.2,0.07,,▲,1.52,39.9,59.1,0,"2,78,71,551",-19.2,$0.1M,"$137,534",$0.5M,"5,06,728","28,64,518","26,69,141",0,"52,18,722","52,18,722",5,$25.7M,"$25,707,107",1,64.1,0,0.50%,"8,25,053","8,08,39,432",1.43,$27.9M,"$27,871,551","-3,01,69,262","-2,73,64,823","-2,74,42,279","-2,52,02,410","8,60,58,154","5,65,28,649",$30.3M,"$30,306,796","10,26,064","5,84,128"
Jan-16,16-01-2016,-36,-11,Jan,Q4,Frac,2016,"1,59,62,823","1,59,62,823","1,17,73,022","1,17,73,022",$0,"3,28,49,839",-1.8,1.2,▼,,1.84,31.7,27.4,0,"73,06,365",4.3,($3.8M),"-$3,771,823",($2.6M),"-26,20,254","-14,68,096","-8,10,008",0,"12,71,873","12,71,873",2.5,($8.8M),"-$8,783,349",1,29.9,"36,242",-43.20%,"74,251","4,89,78,793",1.79,$7.3M,"$7,306,365","-1,25,11,735","-99,26,618","-1,02,08,008","-81,16,373","5,02,50,666","2,72,97,837",$8.7M,"$8,739,912","8,54,812","4,68,242"
Feb-14,14-02-2016,,,Feb,Q1,,2015,"1,73,59,875","1,73,59,875","4,28,70,120","4,28,70,120",$0,"41,76,643",40.1,0.11,,,1.34,38.4,76.9,0,"1,26,84,518",-38.5,$1.9M,"$1,874,238",,,"29,61,864",,0,"7,03,498","7,03,498",1.6,$17.3M,"$17,323,758",1,78.5,"66,955",13.20%,"3,12,094","4,87,17,333",1.32,,,"-1,23,37,960",,"-1,12,50,334",,"4,94,20,831","3,68,23,813",$14.2M,"$14,212,198","7,21,884","4,26,747"
Feb-15,15-02-2016,-11,-1,Feb,Q1,Frac,2016,"3,45,11,654","3,45,11,654","5,26,91,661","5,26,91,661",$0,"11,91,071",19.7,0.03,▼,,1.33,33.7,47.9,0,"2,19,17,279",-14.2,($2.0M),"-$2,045,289",($2.4M),"-23,91,369","6,29,012","-1,37,453",0,"56,45,754","56,45,754",5.5,$14.4M,"$14,426,678",1,53.4,"38,650",-8.10%,"7,97,375","5,75,71,742",1.21,$21.9M,"$21,917,279","-2,72,16,199","-2,43,08,648","-2,45,41,898","-2,20,54,732","6,32,17,496","4,75,99,747",$25.2M,"$25,170,910","17,60,806","6,56,800"
Feb-16,16-02-2016,-3,17,Feb,Q1,Frac,2017,"1,20,95,181","1,20,95,181","1,03,08,857","1,03,08,857",$0,"3,13,07,417",2,1.26,▼,,1.89,22.1,21.6,0,"74,55,375",0.5,($0.7M),"-$749,029",($0.2M),"-2,48,067","12,38,152","13,02,910",0,"13,79,777","13,79,777",2.5,($8.0M),"-$8,014,831",1,24.1,"11,355",-8.70%,"2,41,686","4,55,95,169",1.84,$7.5M,"$7,455,375","-93,63,076","-77,03,441","-73,75,895","-61,52,465","4,69,74,946","2,48,00,383",$8.6M,"$8,614,047","3,61,829","5,43,802"
Mar-14,14-03-2016,,,Mar,Q1,,2015,"1,48,62,183","1,48,62,183","4,10,07,641","4,10,07,641",$0,"2,33,81,943",35.2,0.97,,,2.78,30.8,65.3,0,"2,12,12,798",-34.5,$6.5M,"$6,492,169",,,"75,41,207",,0,"3,52,075","3,52,075",0.7,$19.6M,"$19,640,953",1,66,"64,449",28.70%,"1,43,132","6,62,69,832",2.76,,,"-1,60,96,778",,"-1,50,47,740",,"6,66,21,907","2,40,03,091",$22.6M,"$22,588,947","6,33,238","5,35,330"
Mar-15,15-03-2016,-10,6,Mar,Q1,Frac,2016,"3,22,21,608","3,22,21,608","4,73,34,958","4,73,34,958",$0,"1,06,96,441",23.4,0.25,▼,,1.52,35.1,54.3,0,"2,02,21,914",-19.2,($2.1M),"-$2,130,502",($2.0M),"-20,49,254","15,65,583","11,95,956",0,"38,60,341","38,60,341",4.2,$11.7M,"$11,689,532",1,58.5,"38,650",-9.30%,"3,77,949","6,18,12,564",1.43,$20.2M,"$20,221,914","-2,51,62,208","-2,22,71,168","-2,14,66,123","-1,90,25,958","6,56,72,905","4,32,86,932",$23.0M,"$23,031,705","17,45,535","6,47,657"
Mar-16,16-03-2016,-20,14,Mar,Q1,Frac,2017,"82,26,541","82,26,541","83,80,595","83,80,595",$0,"2,40,80,497",7,1.5,▼,,2.32,17.8,22,0,"45,97,475",-4.2,($0.9M),"-$945,678",($0.9M),"-9,03,022","9,27,461","6,31,402",0,"12,87,093","12,87,093",2.8,($1.8M),"-$1,752,507",1,24.8,"4,449",-15.80%,"3,40,365","3,60,22,023",2.24,$4.6M,"$4,597,475","-69,40,073","-55,00,497","-50,66,934","-39,66,073","3,73,09,116","1,61,03,494",$6.0M,"$5,994,396","6,88,110","3,63,997"
Apr-14,14-04-2016,,,Apr,Q1,,2015,"1,32,46,687","1,32,46,687","4,11,69,851","4,11,69,851",$0,"1,46,41,614",36.1,0.58,,,2.31,25.4,60.3,0,"2,27,76,324",-34.9,$6.1M,"$6,075,810",,,"72,18,136",,0,"6,37,605","6,37,605",1.2,$19.0M,"$18,990,135",1,61.5,"44,735",24.70%,"4,08,245","5,78,85,543",2.29,,,"-1,85,55,203",,"-1,74,12,878",,"5,85,23,148","2,52,97,133",$24.6M,"$24,631,013","8,68,262","5,33,447"
Apr-15,15-04-2016,16,24,Apr,Q1,Frac,2016,"2,79,80,773","2,79,80,773","4,69,63,583","4,69,63,583",$0,"40,80,989",22,0.11,,▲,1.51,31.4,52.4,0,"2,95,28,894",-21,$4.6M,"$4,633,664",$4.6M,"46,35,548","75,69,915","70,99,473",0,"8,54,194","8,54,194",1,$14.7M,"$14,682,394",1,53.4,"9,680",14.30%,"9,31,013","5,46,06,653",1.49,$29.5M,"$29,528,894","-2,77,57,315","-2,48,93,347","-2,48,21,063","-2,24,29,421","5,54,60,847","3,66,97,465",$32.4M,"$32,390,978","14,83,988","4,37,403"
Apr-16,16-04-2016,2,20,Apr,Q1,Frac,2017,"65,09,162","65,09,162","1,65,00,657","1,65,00,657",$0,"1,67,63,192",32.9,0.98,,▲,2.22,15.1,43.6,0,"76,13,909",-28.5,$0.8M,"$844,359",$0.1M,"1,49,701","25,22,803","14,92,969",0,"18,86,819","18,86,819",4.4,$5.2M,"$5,243,904",1,48,"13,565",7.90%,"4,62,699","3,61,74,069",2.11,$7.6M,"$7,613,909","-98,62,797","-74,64,208","-81,84,353","-61,20,940","3,80,60,888","1,71,80,381",$10.7M,"$10,707,156","20,89,515","5,27,468"
May-14,14-05-2016,,,May,Q2,,2015,"1,68,18,679","1,68,18,679","5,07,88,724","5,07,88,724",$0,"99,82,520",31.7,0.32,,,2.03,26.2,56.5,0,"3,13,29,042",-30.3,$10.5M,"$10,454,389",,,"1,15,75,340",,0,"8,87,315","8,87,315",1.4,$22.6M,"$22,578,198",1,57.9,"13,058",31.00%,"6,40,300","6,25,25,732",2,,,"-2,32,17,335",,"-2,20,96,383",,"6,34,13,047","3,12,59,669",$33.7M,"$33,671,724","11,51,946","5,37,378"
May-15,15-05-2016,18,31,May,Q2,Frac,2016,"1,96,23,849","1,96,23,849","4,42,91,261","4,42,91,261",$0,"-2,17,508",28.4,-0.01,,▲,1.7,25,52.3,0,"1,86,43,441",-27.3,$3.1M,"$3,144,580",$3.3M,"32,87,981","60,73,812","57,45,995",0,"8,49,048","8,49,048",1.1,$20.2M,"$20,170,469",1,53.4,"13,990",15.20%,"7,06,005","4,72,96,030",1.67,$18.6M,"$18,643,441","-1,75,96,574","-1,53,55,460","-1,46,67,342","-1,28,97,446","4,81,45,078","2,83,33,651",$20.7M,"$20,741,154","9,23,564","4,54,154"
May-16,16-05-2016,-8,13,May,Q2,Frac,2017,"82,33,985","82,33,985","1,51,92,402","1,51,92,402",$0,"1,49,38,570",24.7,0.84,▼,,2.02,21.1,41.3,0,"61,95,809",-20.2,($1.1M),"-$1,138,140",($0.5M),"-5,24,087","5,46,322","8,21,837",0,"17,69,210","17,69,210",4.5,$4.4M,"$4,385,203",1,45.8,"16,390",-14.60%,"1,66,746","3,42,09,506",1.92,$6.2M,"$6,195,809","-89,48,011","-67,19,896","-72,63,548","-53,73,972","3,59,78,716","1,77,85,909",$7.8M,"$7,809,870","8,64,991","5,65,934"
Jun-14,14-06-2016,,,Jun,Q2,,2015,"1,76,23,495","1,76,23,495","6,58,88,464","6,58,88,464",$0,"89,06,380",43.5,0.29,,,2.52,23.5,64.3,0,"3,09,82,570",-40.8,$8.2M,"$8,181,771",,,"95,75,637",,0,"20,63,691","20,63,691",2.7,$38.8M,"$38,802,189",1,67,"4,841",24.10%,"10,30,827","7,63,98,358",2.45,,,"-2,58,06,705",,"-2,44,12,839",,"7,84,62,049","3,11,62,486",$34.0M,"$33,988,476","13,66,554","6,03,684"
Jun-15,15-06-2016,9,20,Jun,Q2,Frac,2016,"2,50,74,113","2,50,74,113","4,43,55,770","4,43,55,770",$0,560,20.3,0,,▲,1.45,33.3,51.8,0,"2,19,73,110",-18.5,$1.5M,"$1,531,934",$2.1M,"20,57,828","43,30,092","43,84,275",0,"13,69,600","13,69,600",1.8,$15.3M,"$15,263,607",1,53.6,"14,872",6.40%,"2,30,879","4,75,30,223",1.41,$22.0M,"$21,973,110","-2,23,97,964","-1,99,15,283","-1,95,99,806","-1,75,88,836","4,88,99,823","3,37,77,693",$23.9M,"$23,929,898","11,18,481","5,92,556"
Jun-16,16-06-2016,-2,15,Jun,Q2,Frac,2017,"76,58,974","76,58,974","1,30,87,669","1,30,87,669",$0,"1,43,34,995",18.8,0.78,▼,,1.88,19.5,34.8,0,"80,45,316",-15.3,($0.3M),"-$329,912",($0.1M),"-1,45,525","13,35,827","11,85,239",0,"13,90,578","13,90,578",3.5,$4.0M,"$3,978,919",1,38.3,"38,351",-3.50%,"1,59,235","3,30,44,745",1.81,$8.0M,"$8,045,316","-96,26,544","-81,90,841","-79,60,806","-68,60,077","3,44,35,323","1,82,97,317",$9.3M,"$9,296,633","6,66,937","3,86,794"
Jul-14,14-07-2016,,,Jul,Q2,,2015,"2,50,49,645","2,50,49,645","6,94,49,393","6,94,49,393",$0,"92,72,237",30.9,0.24,,,2.08,30.8,61.2,0,"3,19,27,058",-30.4,$10.2M,"$10,176,330",,,"1,20,36,250",,0,"4,39,913","4,39,913",0.5,$33.0M,"$32,995,832",1,61.7,"1,36,998",29.60%,"4,62,576","8,01,38,635",2.07,,,"-2,42,17,083",,"-2,23,57,163",,"8,05,78,548","3,87,21,104",$34.4M,"$34,393,413","12,97,236","5,69,545"
Jul-15,15-07-2016,-1,10,Jul,Q2,Frac,2016,"2,77,26,151","2,77,26,151","4,73,91,512","4,73,91,512",$0,376,23.8,0,▼,,1.33,38.3,61.4,0,"2,14,24,760",-23.1,($0.4M),"-$374,316",($0.2M),"-2,30,359","24,33,923","21,04,168",0,"5,17,350","5,17,350",0.7,$12.8M,"$12,755,554",1,62.1,"22,046",-1.50%,"10,76,910","5,04,04,860",1.32,$21.4M,"$21,424,760","-2,51,35,711","-2,16,55,119","-2,23,27,472","-1,93,20,592","5,09,22,210","3,83,08,837",$24.8M,"$24,761,395","16,78,084","5,59,595"
Aug-13,13-08-2016,,,Aug,Q3,,2014,"98,78,594","98,78,594","3,24,89,660","3,24,89,660",$0,"14,66,099",39.1,0.05,,,1.19,28,66.9,0,"1,39,79,123",-38.9,$4.0M,"$3,994,056",,,"47,12,557",,0,"61,549","61,549",0.2,$16.2M,"$16,244,224",1,67.1,"1,36,524",27.40%,"1,15,783","3,45,87,307",1.19,,,"-1,05,68,629",,"-98,50,129",,"3,46,48,856","2,90,77,579",$14.6M,"$14,562,687","3,31,257",0
Aug-14,14-08-2016,,,Aug,Q3,,2015,"2,77,18,231","2,77,18,231","6,94,95,840","6,94,95,840",$0,"1,40,89,519",34.1,0.33,,,2.14,31.3,57.2,0,"3,82,51,140",-25.9,$11.3M,"$11,292,277",,,"1,31,59,596",,0,"72,16,055","72,16,055",8.2,$35.5M,"$35,478,252",1,65.4,"29,463",27.60%,"4,78,818","8,50,29,760",1.97,,,"-2,96,33,285",,"-2,77,65,967",,"9,22,45,815","4,30,90,348",$40.9M,"$40,925,562","15,95,303","5,70,838"
Aug-15,15-08-2016,-12,13,Aug,Q3,Frac,2016,"2,16,99,459","2,16,99,459","3,85,43,130","3,85,43,130",$0,"66,58,489",18.8,0.23,▼,,1.69,25.1,43.1,0,"94,32,386",-18,($1.6M),"-$1,590,019",($1.1M),"-10,87,505","12,58,187","12,69,719",0,"7,16,006","7,16,006",0.8,$13.5M,"$13,481,781",1,43.9,"22,340",-14.30%,"4,46,793","4,82,81,529",1.66,$9.4M,"$9,432,386","-1,27,05,845","-1,05,19,891","-98,57,640","-81,62,667","4,89,97,535","2,90,00,347",$11.1M,"$11,115,827","5,79,820","6,34,488"
Sep-13,13-09-2016,,,Sep,Q3,,2014,"85,71,189","85,71,189","4,35,93,399","4,35,93,399",$0,"48,86,398",46.3,0.13,,,1.28,17.3,63.5,0,"2,55,87,326",-46.2,$7.5M,"$7,473,034",,,"83,61,450",,0,"64,097","64,097",0.1,$18.6M,"$18,560,814",1,63.6,"1,30,550",28.00%,"1,59,578","4,90,91,817",1.28,,,"-1,91,71,373",,"-1,82,82,957",,"4,91,55,914","3,82,71,822",$26.6M,"$26,644,407","7,66,953",0
Sep-14,14-09-2016,23,26,Sep,Q3,Frac,2015,"3,65,91,133","3,65,91,133","8,95,38,904","8,95,38,904",$0,"72,73,259",32.4,0.14,,▲,2.01,36.1,64.9,0,"4,57,83,105",-28.8,$11.5M,"$11,469,916",$10.4M,"1,03,58,295","1,32,94,404","1,19,24,633",0,"36,07,839","36,07,839",3.6,$43.7M,"$43,720,499",1,68.5,0,23.50%,"4,36,050","9,80,89,835",1.93,$45.8M,"$45,783,105","-3,73,57,216","-3,54,24,810","-3,55,32,728","-3,38,58,472","10,16,97,674","5,07,03,916",$48.8M,"$48,827,132","19,07,030","7,00,947"
Sep-15,15-09-2016,-24,2,Sep,Q3,Frac,2016,"1,79,16,553","1,79,16,553","3,15,37,618","3,15,37,618",$0,"43,51,844",19.6,0.18,▼,,1.65,21.9,40.5,0,"90,77,130",-18.6,($3.2M),"-$3,241,265",($2.1M),"-21,36,244","-4,36,810","1,77,805",0,"7,96,381","7,96,381",1,$11.4M,"$11,368,315",1,41.5,"25,241",-31.60%,"82,283","3,87,25,896",1.62,$9.1M,"$9,077,130","-1,34,99,265","-1,12,13,374","-1,06,94,810","-88,99,324","3,95,22,277","2,39,45,705",$10.3M,"$10,258,000","4,27,624","6,45,722"
Oct-13,13-10-2016,,,Oct,Q3,,2014,"1,53,07,872","1,53,07,872","4,86,54,337","4,86,54,337",$0,"18,61,585",40.2,0.04,,,1.07,26.3,66.4,0,"2,31,45,868",-40.1,$2.2M,"$2,193,820",,,"30,82,516",,0,"62,049","62,049",0.1,$14.4M,"$14,352,282",1,66.5,"2,67,534",8.80%,"6,83,226","5,24,70,071",1.07,,,"-2,25,95,633",,"-2,17,06,937",,"5,25,32,120","4,90,29,522",$24.8M,"$24,789,453","4,96,895","1,95,930"
Oct-14,14-10-2016,24,27,Oct,Q3,Frac,2015,"5,23,69,710","5,23,69,710","9,68,69,918","9,68,69,918",$0,"99,77,892",19.9,0.15,,▲,1.63,43.4,60.8,0,"5,08,68,530",-17.4,$12.1M,"$12,099,901",$12.0M,"1,20,36,446","1,43,10,653","1,39,83,144",0,"30,30,684","30,30,684",2.5,$32.7M,"$32,732,546",1,63.3,0,22.50%,"6,02,241","10,79,26,561",1.58,$50.9M,"$50,868,530","-4,16,23,368","-3,88,32,084","-3,94,12,616","-3,68,85,386","11,09,57,245","6,82,46,807",$53.7M,"$53,723,269","15,90,965","6,61,533"
Oct-15,15-10-2016,15,28,Oct,Q3,Frac,2016,"1,61,38,613","1,61,38,613","68,53,243","68,53,243",$0,"1,129",-10.4,0,,▲,0.33,25.6,12.2,0,"38,79,124",13.4,($0.9M),"-$900,356",$0.6M,"5,88,271","70,759","10,76,841",0,"19,01,388","19,01,388",3,($21.4M),"-$21,415,449",1,15.2,"40,499",-20.30%,"85,226","90,06,854",0.27,$3.9M,"$3,879,124","-53,28,522","-32,90,853","-43,57,407","-28,02,283","1,09,08,242","3,34,23,478",$4.4M,"$4,428,167","-1,69,771","5,93,089"
Nov-13,13-11-2016,,,Nov,Q4,,2014,"2,31,94,480","2,31,94,480","4,89,90,063","4,89,90,063",$0,"67,24,707",26.6,0.13,,,1.15,35,61.3,0,"2,02,08,935",-26.3,$2.7M,"$2,698,559",,,"36,25,139",,0,"1,98,902","1,98,902",0.3,$17.1M,"$17,142,840",1,61.6,"40,763",13.10%,"-99,988","5,76,31,469",1.15,,,"-1,78,27,961",,"-1,69,01,381",,"5,78,30,371","5,00,76,158",$20.5M,"$20,526,520","23,875","3,52,935"
Nov-14,14-11-2016,23,29,Nov,Q4,Frac,2015,"4,20,93,187","4,20,93,187","10,94,31,092","10,94,31,092",$0,"56,38,577",37.6,0.1,,▲,2.07,35.2,70.4,0,"3,39,58,613",-35.2,$8.6M,"$8,590,640",$7.7M,"77,44,903","1,09,14,615","98,02,664",0,"28,15,809","28,15,809",2.4,$57.3M,"$57,262,271",1,72.8,0,23.00%,"9,54,291","11,89,61,358",2.02,$34.0M,"$33,958,613","-2,86,81,172","-2,62,13,709","-2,63,57,197","-2,41,55,949","12,17,77,167","5,88,76,318",$37.3M,"$37,271,812","18,08,523","5,50,385"
Nov-15,15-11-2016,0,16,Nov,Q4,Frac,2016,"1,33,23,448","1,33,23,448","1,37,48,281","1,37,48,281",$0,"6,90,581",7.8,0.02,▼,,0.67,26,30.6,0,"1,24,57,070",-4.6,$0.0M,"-$8,147",$0.0M,"-4,382","24,43,414","19,58,097",0,"16,57,318","16,57,318",3.2,($9.7M),"-$9,671,608",1,33.8,"1,18,938",-0.10%,"5,66,138","1,86,14,450",0.61,$12.5M,"$12,457,070","-1,46,08,471","-1,24,61,451","-1,21,56,910","-1,04,98,972","2,02,71,768","3,03,57,851",$14.6M,"$14,600,324","10,29,478","4,28,700"
Dec-13,13-12-2016,,,Dec,Q4,,2014,"2,54,59,365","2,54,59,365","4,28,64,889","4,28,64,889",$0,"82,01,009",23,0.18,,,1.21,42.7,62.7,0,"1,52,47,918",-20,$2.9M,"$2,932,351",,,"42,96,187",,0,"17,70,071","17,70,071",3,$13.9M,"$13,852,274",1,65.7,"68,491",18.10%,"3,99,988","5,27,42,894",1.17,,,"-1,32,78,397",,"-1,19,14,561",,"5,45,12,965","4,50,23,886",$16.2M,"$16,210,747","2,09,500","2,84,850"
Dec-14,14-12-2016,21,26,Dec,Q4,Frac,2015,"3,61,99,011","3,61,99,011","9,77,81,322","9,77,81,322",$0,"61,19,360",37.7,0.11,,▲,1.91,31,65.4,0,"4,02,98,484",-34.4,$8.7M,"$8,728,981",$8.3M,"83,21,558","1,11,03,864","1,03,57,308",0,"38,14,171","38,14,171",3.3,$47.1M,"$47,071,732",1,68.7,0,20.00%,"10,17,097","10,76,07,154",1.85,$40.3M,"$40,298,484","-3,48,32,896","-3,19,76,925","-3,24,58,013","-2,99,41,175","11,14,21,325","5,82,56,468",$43.6M,"$43,561,878","16,65,259","5,81,038"
Dec-15,15-12-2016,-16,5,Dec,Q4,Frac,2016,"1,42,08,231","1,42,08,231","90,71,320","90,71,320",$0,"1,000",-3,0,▼,,0.57,27.7,20.3,0,"89,69,256",7.4,($1.9M),"-$1,853,371",($1.5M),"-14,62,197","5,77,488","4,75,898",0,"22,67,980","22,67,980",4.4,($11.7M),"-$11,730,040",1,24.7,"-16,649",-16.90%,"3,99,193","1,45,93,766",0.49,$9.0M,"$8,969,256","-1,28,02,830","-1,04,31,453","-1,03,71,971","-84,93,358","1,68,61,746","2,97,00,135",$10.9M,"$10,949,460","9,96,513","6,01,147"
